name,date
black,2022-12-20
wezza,2022-12-21
field,2022-12-22
binns,2022-12-23
digby,2022-12-24
paris,2022-12-25
drury,2022-12-26
lomas,2022-12-27
cowan,2022-12-28
sodje,2022-12-29
lewis,2022-12-30
scott,2022-12-31
gates,2023-1-1
arber,2023-1-2
lucey,2023-1-3
pirie,2023-1-4
hunte,2023-1-5
roach,2023-1-6
evers,2023-1-7
smart,2023-1-8
croud,2023-1-9
lopez,2023-1-10
march,2023-1-11
stamp,2023-1-12
smith,2023-1-13
pratt,2023-1-14
obeng,2023-1-15
inman,2023-1-16
mills,2023-1-17
nozza,2023-1-18
dieng,2023-1-19
flynn,2023-1-20
broom,2023-1-21
hicks,2023-1-22
bayes,2023-1-23
anang,2023-1-24
brunt,2023-1-25
shafe,2023-1-26
eames,2023-1-27
okimo,2023-1-28
lakin,2023-1-29
hardy,2023-1-30
grant,2023-1-31
flood,2023-2-1
wells,2023-2-2
leahy,2023-2-3
chair,2023-2-4
tonge,2023-2-5
brock,2023-2-6
hayes,2023-2-7
stein,2023-2-8
flack,2023-2-9
ehmer,2023-2-10
palma,2023-2-11
gould,2023-2-12
clark,2023-2-13
ugbah,2023-2-14
bates,2023-2-15
haber,2023-2-16
beard,2023-2-17
green,2023-2-18
gitts,2023-2-19
dyson,2023-2-20
bunce,2023-2-21
opara,2023-2-22
lines,2023-2-23
welsh,2023-2-24
evans,2023-2-25
every,2023-2-26
coker,2023-2-27
barry,2023-2-28
tagro,2023-3-1
laird,2023-3-2
ewins,2023-3-3
akins,2023-3-4
gibbs,2023-3-5
moore,2023-3-6
burke,2023-3-7
ferry,2023-3-8
beeke,2023-3-9
mahon,2023-3-10
casey,2023-3-11
berry,2023-3-12
slade,2023-3-13
upson,2023-3-14
louis,2023-3-15
duffy,2023-3-16
oshea,2023-3-17
byrne,2023-3-18
roles,2023-3-19
marsh,2023-3-20
mckee,2023-3-21
smyth,2023-3-22
lynch,2023-3-23
paine,2023-3-24
jolly,2023-3-25
grime,2023-3-26
aneke,2023-3-27
burch,2023-3-28
byrom,2023-3-29
trott,2023-3-30
nolan,2023-3-31
tyler,2023-4-1
flain,2023-4-2
carey,2023-4-3
hinds,2023-4-4
toner,2023-4-5
guppy,2023-4-6
waite,2023-4-7
fryer,2023-4-8
mcrae,2023-4-9
robbo,2023-4-10
edgar,2023-4-11
allen,2023-4-12
laker,2023-4-13
sarll,2023-4-14
deane,2023-4-15
brady,2023-4-16
noble,2023-4-17
bazza,2023-4-18
brown,2023-4-19
pluck,2023-4-20
ngala,2023-4-21
crowe,2023-4-22
brody,2023-4-23
boydy,2023-4-24
kirke,2023-4-25
poole,2023-4-26
white,2023-4-27
madjo,2023-4-28
daley,2023-4-29
hills,2023-4-30
hobbs,2023-5-1
kirby,2023-5-2
allan,2023-5-3
dance,2023-5-4
luque,2023-5-5
burns,2023-5-6
payne,2023-5-7
imber,2023-5-8
jacko,2023-5-9
perez,2023-5-10
dobbo,2023-5-11
adams,2023-5-12
quinn,2023-5-13
lacey,2023-5-14
watts,2023-5-15
husin,2023-5-16
ayres,2023-5-17
ntlhe,2023-5-18
myres,2023-5-19
lokko,2023-5-20
beech,2023-5-21
dixon,2023-5-22
welch,2023-5-23
keane,2023-5-24
hakim,2023-5-25
nurse,2023-5-26
joyce,2023-5-27
sills,2023-5-28
jones,2023-5-29
darcy,2023-5-30
abbey,2023-5-31
