‘testy’,2023-02-02
'black',2023-02-03
'wezza',2023-02-04
'field',2023-02-05
'binns',2023-02-06
'digby',2023-02-07
'paris',2023-02-08
'drury',2023-02-09
'lomas',2023-02-10
'cowan',2023-02-11
'sodje',2023-02-12
'lewis',2023-02-13
'scott',2023-02-14
'gates',2023-02-15
'arber',2023-02-16
'lucey',2023-02-17
'pirie',2023-02-18
'hunte',2023-02-19
'roach',2023-02-20
'evers',2023-02-21
'smart',2023-02-22
'croud',2023-02-23
'lopez',2023-02-24
'march',2023-02-25
'stamp',2023-02-26
'smith',2023-02-27
'pratt',2023-02-28
'obeng',2023-03-01
'inman',2023-03-02
'mills',2023-03-03
'nozza',2023-03-04
'dieng',2023-03-05
'flynn',2023-03-06
'broom',2023-03-07
'hicks',2023-03-08
'bayes',2023-03-09
'anang',2023-03-10
'brunt',2023-03-11
'shafe',2023-03-12
'eames',2023-03-13
'okimo',2023-03-14
'lakin',2023-03-15
'hardy',2023-03-16
'grant',2023-03-17
'flood',2023-03-18
'wells',2023-03-19
'leahy',2023-03-20
'chair',2023-03-21
'tonge',2023-03-22
'brock',2023-03-23
'hayes',2023-03-24
'stein',2023-03-25
'flack',2023-03-26
'ehmer',2023-03-27
'palma',2023-03-28
'gould',2023-03-29
'clark',2023-03-30
'ugbah',2023-03-31
'bates',2023-04-01
'haber',2023-04-02
'beard',2023-04-03
'green',2023-04-04
'gitts',2023-04-05
'dyson',2023-04-06
'bunce',2023-04-07
'opara',2023-04-08
'lines',2023-04-09
'welsh',2023-04-10
'evans',2023-04-11
'every',2023-04-12
'coker',2023-04-13
'barry',2023-04-14
'tagro',2023-04-15
'laird',2023-04-16
'ewins',2023-04-17
'akins',2023-04-18
'gibbs',2023-04-19
'moore',2023-04-20
'burke',2023-04-21
'ferry',2023-04-22
'beeke',2023-04-23
'mahon',2023-04-24
'casey',2023-04-25
'berry',2023-04-26
'slade',2023-04-27
'upson',2023-04-28
'louis',2023-04-29
'duffy',2023-04-30
'oshea',2023-05-01
'byrne',2023-05-02
'roles',2023-05-03
'marsh',2023-05-04
'mckee',2023-05-05
'smyth',2023-05-06
'lynch',2023-05-07
'paine',2023-05-08
'jolly',2023-05-09
'grime',2023-05-10
'aneke',2023-05-11
'burch',2023-05-12
'byrom',2023-05-13
'trott',2023-05-14
'nolan',2023-05-15
'tyler',2023-05-16
'flain',2023-05-17
'carey',2023-05-18
'hinds',2023-05-19
'toner',2023-05-20
'guppy',2023-05-21
'waite',2023-05-22
'fryer',2023-05-23
'mcrae',2023-05-24
'robbo',2023-05-25
'edgar',2023-05-26
'allen',2023-05-27
'laker',2023-05-28
'sarll',2023-05-29
'deane',2023-05-30
'brady',2023-05-31
'noble',2023-06-01
'bazza',2023-06-02
'brown',2023-06-03
'pluck',2023-06-04
'ngala',2023-06-05
'crowe',2023-06-06
'brody',2023-06-07
'boydy',2023-06-08
'kirke',2023-06-09
'poole',2023-06-10
'white',2023-06-11
'madjo',2023-06-12
'daley',2023-06-13
'hills',2023-06-14
'hobbs',2023-06-15
'kirby',2023-06-16
'allan',2023-06-17
'dance',2023-06-18
'luque',2023-06-19
'burns',2023-06-20
'payne',2023-06-21
'imber',2023-06-22
'jacko',2023-06-23
'perez',2023-06-24
'dobbo',2023-06-25
'adams',2023-06-26
'quinn',2023-06-27
'lacey',2023-06-28
'watts',2023-06-29
'husin',2023-06-30
'ayres',2023-07-01
'ntlhe',2023-07-02
'myres',2023-07-03
'lokko',2023-07-04
'beech',2023-07-05
'dixon',2023-07-06
'welch',2023-07-07
'keane',2023-07-08
'hakim',2023-07-09
'nurse',2023-07-10
'joyce',2023-07-11
'sills',2023-07-12
'jones',2023-07-13
'darcy',2023-07-14
'abbey',2023-07-15